<phylogeny>
<name>CLC</name>
  <clade>
    <clade>
      <clade>
        <clade>
          <clade>
            <clade>
              <clade>
                <clade>
                  <clade>
                    <clade>
                      <clade>
                        <clade>
                          <sequence_name>rnClcn7</sequence_name><distance>0.00327</distance><species_name>RAT</species_name>
                        </clade>
                        <clade>
                          <sequence_name>mmClcn7</sequence_name><distance>1.0E-5</distance><species_name>MOUSE</species_name>
                        </clade>
                        <distance>0.0036</distance><bootstrap>91</bootstrap><duplication>false</duplication>
                      </clade>
                      <clade>
                        <sequence_name>hsCLCN7</sequence_name><distance>0.00962</distance><species_name>HUMAN</species_name>
                      </clade>
                      <distance>0.0073</distance><bootstrap>100</bootstrap><duplication>false</duplication>
                    </clade>
                    <clade>
                      <sequence_name>ggClcn7</sequence_name><distance>0.28745</distance><species_name>CHICK</species_name>
                    </clade>
                    <distance>0.07518</distance><bootstrap>97</bootstrap><duplication>false</duplication>
                  </clade>
                  <clade>
                    <sequence_name>frClcn_g150497</sequence_name><distance>0.12824</distance><species_name>FUGRU</species_name>
                  </clade>
                  <distance>0.18918</distance><bootstrap>100</bootstrap><duplication>false</duplication>
                </clade>
                <clade>
                  <sequence_name>ciClc_146907</sequence_name><distance>0.38499</distance><species_name>CIOIN</species_name>
                </clade>
                <distance>0.04633</distance><bootstrap>59</bootstrap><duplication>false</duplication>
              </clade>
              <clade>
                <clade>
                  <sequence_name>agClc_g16563</sequence_name><distance>0.18816</distance><species_name>ANOGA</species_name>
                </clade>
                <clade>
                  <sequence_name>dmClc_CG8594</sequence_name><distance>0.29315</distance><species_name>DROME</species_name>
                </clade>
                <distance>0.37118</distance><bootstrap>100</bootstrap><duplication>false</duplication>
              </clade>
              <distance>0.04885</distance><bootstrap>68</bootstrap><duplication>false</duplication>
            </clade>
            <clade>
              <clade>
                <sequence_name>ceClcn_CE29336</sequence_name><distance>0.00466</distance><species_name>CAEEL</species_name>
              </clade>
              <clade>
                <sequence_name>cbClcn_CBG23365</sequence_name><distance>0.02104</distance><species_name>CAEBR</species_name>
              </clade>
              <distance>0.4337</distance><bootstrap>100</bootstrap><duplication>false</duplication>
            </clade>
            <distance>0.15021</distance><bootstrap>69</bootstrap><duplication>true</duplication>
          </clade>
          <clade>
            <clade>
              <clade>
                <clade>
                  <clade>
                    <clade>
                      <sequence_name>mmClcn6</sequence_name><distance>0.00537</distance><species_name>MOUSE</species_name>
                    </clade>
                    <clade>
                      <sequence_name>rnClcn6</sequence_name><distance>0.01157</distance><species_name>RAT</species_name>
                    </clade>
                    <distance>0.02482</distance><bootstrap>99</bootstrap><duplication>false</duplication>
                  </clade>
                  <clade>
                    <sequence_name>hsCLCN6</sequence_name><distance>0.00234</distance><species_name>HUMAN</species_name>
                  </clade>
                  <distance>0.03192</distance><bootstrap>100</bootstrap><duplication>false</duplication>
                </clade>
                <clade>
                  <sequence_name>ggClcn6</sequence_name><distance>0.08378</distance><species_name>CHICK</species_name>
                </clade>
                <distance>0.06936</distance><bootstrap>98</bootstrap><duplication>false</duplication>
              </clade>
              <clade>
                <sequence_name>frClcn_g153343</sequence_name><distance>0.23936</distance><species_name>FUGRU</species_name>
              </clade>
              <distance>0.16193</distance><bootstrap>100</bootstrap><duplication>false</duplication>
            </clade>
            <clade>
              <sequence_name>ciClc_139586</sequence_name><distance>0.35537</distance><species_name>CIOIN</species_name>
            </clade>
            <distance>0.27675</distance><bootstrap>100</bootstrap><duplication>false</duplication>
          </clade>
          <distance>0.30159</distance><bootstrap>97</bootstrap><duplication>true</duplication>
        </clade>
        <clade>
          <clade>
            <sequence_name>ggClcn_nov1</sequence_name><distance>0.47263</distance><species_name>CHICK</species_name>
          </clade>
          <clade>
            <sequence_name>ciClc_145284</sequence_name><distance>0.32143</distance><species_name>CIOIN</species_name>
          </clade>
          <distance>0.37011</distance><bootstrap>100</bootstrap><duplication>false</duplication>
        </clade>
        <distance>0.41517</distance><bootstrap>100</bootstrap><duplication>true</duplication>
      </clade>
      <clade>
        <clade>
          <clade>
            <clade>
              <clade>
                <clade>
                  <clade>
                    <clade>
                      <clade>
                        <clade>
                          <sequence_name>mmClcn5</sequence_name><distance>1.0E-5</distance><species_name>MOUSE</species_name>
                        </clade>
                        <clade>
                          <sequence_name>rnClcn5</sequence_name><distance>1.0E-5</distance><species_name>RAT</species_name>
                        </clade>
                        <distance>0.0038</distance><bootstrap>97</bootstrap><duplication>false</duplication>
                      </clade>
                      <clade>
                        <sequence_name>hsCLCN5</sequence_name><distance>0.00803</distance><species_name>HUMAN</species_name>
                      </clade>
                      <distance>0.04239</distance><bootstrap>100</bootstrap><duplication>false</duplication>
                    </clade>
                    <clade>
                      <sequence_name>ggClcn5</sequence_name><distance>0.06559</distance><species_name>CHICK</species_name>
                    </clade>
                    <distance>0.0163</distance><bootstrap>86</bootstrap><duplication>false</duplication>
                  </clade>
                  <clade>
                    <sequence_name>frClcn_g151908</sequence_name><distance>0.21641</distance><species_name>FUGRU</species_name>
                  </clade>
                  <distance>0.07178</distance><bootstrap>97</bootstrap><duplication>false</duplication>
                </clade>
                <clade>
                  <clade>
                    <clade>
                      <clade>
                        <clade>
                          <sequence_name>mmClcn4</sequence_name><distance>0.01342</distance><species_name>MOUSE</species_name>
                        </clade>
                        <clade>
                          <sequence_name>rnClcn4</sequence_name><distance>1.0E-5</distance><species_name>RAT</species_name>
                        </clade>
                        <distance>0.00671</distance><bootstrap>70</bootstrap><duplication>false</duplication>
                      </clade>
                      <clade>
                        <sequence_name>hsCLCN4</sequence_name><distance>1.0E-5</distance><species_name>HUMAN</species_name>
                      </clade>
                      <distance>0.00177</distance><bootstrap>65</bootstrap><duplication>false</duplication>
                    </clade>
                    <clade>
                      <sequence_name>ggClcn4</sequence_name><distance>0.02178</distance><species_name>CHICK</species_name>
                    </clade>
                    <distance>0.01718</distance><bootstrap>100</bootstrap><duplication>false</duplication>
                  </clade>
                  <clade>
                    <sequence_name>frClcn_g153787</sequence_name><distance>0.05099</distance><species_name>FUGRU</species_name>
                  </clade>
                  <distance>0.08833</distance><bootstrap>100</bootstrap><duplication>false</duplication>
                </clade>
                <distance>0.05406</distance><bootstrap>67</bootstrap><duplication>true</duplication>
              </clade>
              <clade>
                <clade>
                  <clade>
                    <clade>
                      <clade>
                        <sequence_name>hsCLCN3</sequence_name><distance>1.0E-5</distance><species_name>HUMAN</species_name>
                      </clade>
                      <clade>
                        <sequence_name>rnClcn3</sequence_name><distance>0.00336</distance><species_name>RAT</species_name>
                      </clade>
                      <distance>1.0E-5</distance><bootstrap>45</bootstrap><duplication>false</duplication>
                    </clade>
                    <clade>
                      <sequence_name>mmClcn3</sequence_name><distance>1.0E-5</distance><species_name>MOUSE</species_name>
                    </clade>
                    <distance>0.00481</distance><bootstrap>90</bootstrap><duplication>true</duplication>
                  </clade>
                  <clade>
                    <sequence_name>ggClcn3</sequence_name><distance>0.00361</distance><species_name>CHICK</species_name>
                  </clade>
                  <distance>0.01719</distance><bootstrap>100</bootstrap><duplication>false</duplication>
                </clade>
                <clade>
                  <sequence_name>frClcn_g127864</sequence_name><distance>0.04395</distance><species_name>FUGRU</species_name>
                </clade>
                <distance>0.0705</distance><bootstrap>100</bootstrap><duplication>false</duplication>
              </clade>
              <distance>0.1309</distance><bootstrap>100</bootstrap><duplication>true</duplication>
            </clade>
            <clade>
              <sequence_name>ciClc_140203</sequence_name><distance>0.28639</distance><species_name>CIOIN</species_name>
            </clade>
            <distance>0.06146</distance><bootstrap>92</bootstrap><duplication>false</duplication>
          </clade>
          <clade>
            <clade>
              <sequence_name>dmClc_CG5284</sequence_name><distance>0.16939</distance><species_name>DROME</species_name>
            </clade>
            <clade>
              <sequence_name>agClc_g16174</sequence_name><distance>0.05022</distance><species_name>ANOGA</species_name>
            </clade>
            <distance>0.1894</distance><bootstrap>97</bootstrap><duplication>false</duplication>
          </clade>
          <distance>0.05585</distance><bootstrap>91</bootstrap><duplication>false</duplication>
        </clade>
        <clade>
          <clade>
            <sequence_name>ceClcn_CE27360</sequence_name><distance>0.02216</distance><species_name>CAEEL</species_name>
          </clade>
          <clade>
            <sequence_name>cbClcn_CBG03262</sequence_name><distance>1.0E-5</distance><species_name>CAEBR</species_name>
          </clade>
          <distance>0.30137</distance><bootstrap>100</bootstrap><duplication>false</duplication>
        </clade>
        <distance>0.42764</distance><bootstrap>100</bootstrap><duplication>true</duplication>
      </clade>
      <distance>0.10040499999999991</distance><bootstrap>100</bootstrap><duplication>true</duplication>
    </clade>
    <clade>
      <clade>
        <clade>
          <clade>
            <clade>
              <clade>
                <clade>
                  <clade>
                    <clade>
                      <clade>
                        <sequence_name>rnClcn1</sequence_name><distance>0.00347</distance><species_name>RAT</species_name>
                      </clade>
                      <clade>
                        <sequence_name>mmClcn1</sequence_name><distance>0.00151</distance><species_name>MOUSE</species_name>
                      </clade>
                      <distance>0.02139</distance><bootstrap>100</bootstrap><duplication>false</duplication>
                    </clade>
                    <clade>
                      <sequence_name>hsCLCN1</sequence_name><distance>0.023</distance><species_name>HUMAN</species_name>
                    </clade>
                    <distance>0.0994</distance><bootstrap>100</bootstrap><duplication>false</duplication>
                  </clade>
                  <clade>
                    <sequence_name>ggClcn1</sequence_name><distance>0.10289</distance><species_name>CHICK</species_name>
                  </clade>
                  <distance>0.07698</distance><bootstrap>99</bootstrap><duplication>false</duplication>
                </clade>
                <clade>
                  <sequence_name>frClcn_g146581</sequence_name><distance>0.23436</distance><species_name>FUGRU</species_name>
                </clade>
                <distance>0.14142</distance><bootstrap>100</bootstrap><duplication>false</duplication>
              </clade>
              <clade>
                <clade>
                  <clade>
                    <clade>
                      <clade>
                        <clade>
                          <sequence_name>mmClcn2</sequence_name><distance>0.00755</distance><species_name>MOUSE</species_name>
                        </clade>
                        <clade>
                          <sequence_name>rnClcn2</sequence_name><distance>0.00453</distance><species_name>RAT</species_name>
                        </clade>
                        <distance>0.0061</distance><bootstrap>64</bootstrap><duplication>false</duplication>
                      </clade>
                      <clade>
                        <sequence_name>hsCLCN2</sequence_name><distance>0.01584</distance><species_name>HUMAN</species_name>
                      </clade>
                      <distance>0.07977</distance><bootstrap>100</bootstrap><duplication>false</duplication>
                    </clade>
                    <clade>
                      <sequence_name>ggClcn2</sequence_name><distance>0.05756</distance><species_name>CHICK</species_name>
                    </clade>
                    <distance>0.07138</distance><bootstrap>65</bootstrap><duplication>false</duplication>
                  </clade>
                  <clade>
                    <sequence_name>frClcn_g129629</sequence_name><distance>0.02989</distance><species_name>FUGRU</species_name>
                  </clade>
                  <distance>0.02272</distance><bootstrap>50</bootstrap><duplication>false</duplication>
                </clade>
                <clade>
                  <sequence_name>frClcn_g132311</sequence_name><distance>0.08432</distance><species_name>FUGRU</species_name>
                </clade>
                <distance>0.13663</distance><bootstrap>99</bootstrap><duplication>true</duplication>
              </clade>
              <distance>0.10834</distance><bootstrap>100</bootstrap><duplication>true</duplication>
            </clade>
            <clade>
              <sequence_name>ciClc_142005</sequence_name><distance>0.32253</distance><species_name>CIOIN</species_name>
            </clade>
            <distance>0.09003</distance><bootstrap>77</bootstrap><duplication>false</duplication>
          </clade>
          <clade>
            <clade>
              <sequence_name>agClc_g16123</sequence_name><distance>0.08822</distance><species_name>ANOGA</species_name>
            </clade>
            <clade>
              <sequence_name>dmClc_CG31116</sequence_name><distance>0.08284</distance><species_name>DROME</species_name>
            </clade>
            <distance>0.28604</distance><bootstrap>100</bootstrap><duplication>false</duplication>
          </clade>
          <distance>0.03139</distance><bootstrap>59</bootstrap><duplication>false</duplication>
        </clade>
        <clade>
          <clade>
            <clade>
              <clade>
                <sequence_name>cbClcn_CBG02916</sequence_name><distance>1.0E-5</distance><species_name>CAEBR</species_name>
              </clade>
              <clade>
                <sequence_name>ceClcn_CE20461</sequence_name><distance>0.01486</distance><species_name>CAEEL</species_name>
              </clade>
              <distance>0.19492</distance><bootstrap>100</bootstrap><duplication>false</duplication>
            </clade>
            <clade>
              <clade>
                <sequence_name>cbClcn_CBG03117</sequence_name><distance>0.00319</distance><species_name>CAEBR</species_name>
              </clade>
              <clade>
                <sequence_name>ceClcn_CE27450</sequence_name><distance>0.01893</distance><species_name>CAEEL</species_name>
              </clade>
              <distance>0.42103</distance><bootstrap>100</bootstrap><duplication>false</duplication>
            </clade>
            <distance>0.32241</distance><bootstrap>100</bootstrap><duplication>true</duplication>
          </clade>
          <clade>
            <clade>
              <clade>
                <sequence_name>ceClcn_CE27906</sequence_name><distance>0.0634</distance><species_name>CAEEL</species_name>
              </clade>
              <clade>
                <sequence_name>cbClcn_CBG13104</sequence_name><distance>0.08006</distance><species_name>CAEBR</species_name>
              </clade>
              <distance>0.25828</distance><bootstrap>100</bootstrap><duplication>false</duplication>
            </clade>
            <clade>
              <clade>
                <sequence_name>cbClcn_CBG14338</sequence_name><distance>0.02779</distance><species_name>CAEBR</species_name>
              </clade>
              <clade>
                <sequence_name>ceClcn_CE28647</sequence_name><distance>0.0356</distance><species_name>CAEEL</species_name>
              </clade>
              <distance>0.5062</distance><bootstrap>100</bootstrap><duplication>false</duplication>
            </clade>
            <distance>0.12841</distance><bootstrap>44</bootstrap><duplication>true</duplication>
          </clade>
          <distance>0.19888</distance><bootstrap>64</bootstrap><duplication>true</duplication>
        </clade>
        <distance>0.15381</distance><bootstrap>64</bootstrap><duplication>true</duplication>
      </clade>
      <clade>
        <clade>
          <clade>
            <clade>
              <clade>
                <clade>
                  <sequence_name>mmClckna</sequence_name><distance>0.01039</distance><species_name>MOUSE</species_name>
                </clade>
                <clade>
                  <sequence_name>rnClckna</sequence_name><distance>0.03328</distance><species_name>RAT</species_name>
                </clade>
                <distance>0.06387</distance><bootstrap>100</bootstrap><duplication>false</duplication>
              </clade>
              <clade>
                <clade>
                  <sequence_name>mmClcknb</sequence_name><distance>0.0249</distance><species_name>MOUSE</species_name>
                </clade>
                <clade>
                  <sequence_name>rnClcknb</sequence_name><distance>0.01948</distance><species_name>RAT</species_name>
                </clade>
                <distance>0.05298</distance><bootstrap>100</bootstrap><duplication>false</duplication>
              </clade>
              <distance>0.07581</distance><bootstrap>100</bootstrap><duplication>true</duplication>
            </clade>
            <clade>
              <clade>
                <sequence_name>hsCLCKNA</sequence_name><distance>0.06307</distance><species_name>HUMAN</species_name>
              </clade>
              <clade>
                <sequence_name>hsCLCKNB</sequence_name><distance>0.04974</distance><species_name>HUMAN</species_name>
              </clade>
              <distance>0.02027</distance><bootstrap>95</bootstrap><duplication>true</duplication>
            </clade>
            <distance>0.25749</distance><bootstrap>100</bootstrap><duplication>false</duplication>
          </clade>
          <clade>
            <sequence_name>ggClcnk</sequence_name><distance>0.32528</distance><species_name>CHICK</species_name>
          </clade>
          <distance>0.1213</distance><bootstrap>97</bootstrap><duplication>false</duplication>
        </clade>
        <clade>
          <sequence_name>frClcn_nov1</sequence_name><distance>0.48668</distance><species_name>FUGRU</species_name>
        </clade>
        <distance>0.35485</distance><bootstrap>100</bootstrap><duplication>false</duplication>
      </clade>
      <distance>0.5654950000000001</distance><bootstrap>100</bootstrap><duplication>true</duplication>
    </clade>
    <duplication>true</duplication>
  </clade>
</phylogeny>
